haplotype	AC	AF	AC_C	AF_C	AF_GA_C	AC_I	AF_I	AF_GA_I	AC_M	AF_M	AF_GA_M	activity_value	function
*10+*36	861	28.95090786819099	771.0	25.924680564895763	34.29715302491103	10.0	0.3362474781439139	3.048780487804878	80.0	2.6899798251513114	20.100502512562816	0.25	Decreased function
*1	827	27.807666442501684	581.0	19.535978480161397	25.84519572953737	124.0	4.169468728984533	37.80487804878049	122.0	4.10221923335575	30.65326633165829	1.0	Normal function
*10	519	17.45124411566913	405.0	13.618022864828513	18.016014234875442	11.0	0.3698722259583053	3.353658536585366	103.0	3.463349024882313	25.879396984924625	0.25	Decreased function
*2	295	9.91930060524546	193.0	6.489576328177539	8.58540925266904	64.0	2.151983860121049	19.51219512195122	38.0	1.277740416946873	9.547738693467336	1.0	Normal function
*41	141	4.741089441829186	84.0	2.824478816408877	3.7366548042704624	40.0	1.3449899125756557	12.195121951219512	17.0	0.5716207128446537	4.271356783919598	0.5	Decreased function
*5	102	3.429724277067922	71.0	2.387357094821789	3.1583629893238436	20.0	0.6724949562878278	6.097560975609756	11.0	0.3698722259583053	2.763819095477387	0.0	No function
*36	47	1.5803631472763955	42.0	1.4122394082044385	1.8683274021352312	0.0	0.0	0.0	5.0	0.16812373907195696	1.256281407035176	0.0	No function
*14	32	1.0759919300605245	31.0	1.0423671822461333	1.3790035587188614	0.0	0.0	0.0	1.0	0.03362474781439139	0.25125628140703515	0.5	Decreased function
*4	30	1.0087424344317417	1.0	0.03362474781439139	0.04448398576512455	21.0	0.7061197041022192	6.402439024390244	8.0	0.26899798251513113	2.0100502512562812	0.0	No function
*49	21	0.7061197041022192	20.0	0.6724949562878278	0.8896797153024912	0.0	0.0	0.0	1.0	0.03362474781439139	0.25125628140703515	0.5	Decreased function
*35	15	0.5043712172158709	10.0	0.3362474781439139	0.4448398576512456	5.0	0.16812373907195696	1.524390243902439	0.0	0.0	0.0	1.0	Normal function
*71	13	0.4371217215870881	10.0	0.3362474781439139	0.4448398576512456	0.0	0.0	0.0	3.0	0.10087424344317418	0.7537688442211055		Uncertain function
*2x2	10	0.3362474781439139	7.0	0.23537323470073976	0.3113879003558719	1.0	0.03362474781439139	0.3048780487804878	2.0	0.06724949562878278	0.5025125628140703	2.0	Increased function
*4+*68	10	0.3362474781439139	1.0	0.03362474781439139	0.04448398576512455	9.0	0.3026227303295225	2.7439024390243905	0.0	0.0	0.0	0.0	No function
*1x2	9	0.3026227303295225	2.0	0.06724949562878278	0.0889679715302491	4.0	0.13449899125756556	1.2195121951219512	3.0	0.10087424344317418	0.7537688442211055	2.0	Increased function
*86	6	0.20174848688634836	2.0	0.06724949562878278	0.0889679715302491	4.0	0.13449899125756556	1.2195121951219512	0.0	0.0	0.0		Uncertain function
*43	6	0.20174848688634836	2.0	0.06724949562878278	0.0889679715302491	4.0	0.13449899125756556	1.2195121951219512	0.0	0.0	0.0		Uncertain function
*39	4	0.13449899125756556	3.0	0.10087424344317418	0.13345195729537368	0.0	0.0	0.0	1.0	0.03362474781439139	0.25125628140703515	1.0	Normal function
*21	4	0.13449899125756556	4.0	0.13449899125756556	0.1779359430604982	0.0	0.0	0.0	0.0	0.0	0.0	0.0	No function
*94	3	0.10087424344317418	3.0	0.10087424344317418	0.13345195729537368	0.0	0.0	0.0	0.0	0.0	0.0		Uncertain function
*65	2	0.06724949562878278	1.0	0.03362474781439139	0.04448398576512455	0.0	0.0	0.0	1.0	0.03362474781439139	0.25125628140703515		Uncertain function
*113	2	0.06724949562878278	0.0	0.0	0.0	2.0	0.06724949562878278	0.6097560975609756	0.0	0.0	0.0		Uncertain function
*111	2	0.06724949562878278	0.0	0.0	0.0	1.0	0.03362474781439139	0.3048780487804878	1.0	0.03362474781439139	0.25125628140703515		Uncertain function
*33	2	0.06724949562878278	0.0	0.0	0.0	2.0	0.06724949562878278	0.6097560975609756	0.0	0.0	0.0	1.0	Normal function
*112	1	0.03362474781439139	0.0	0.0	0.0	1.0	0.03362474781439139	0.3048780487804878	0.0	0.0	0.0		Uncertain function
*52	1	0.03362474781439139	1.0	0.03362474781439139	0.04448398576512455	0.0	0.0	0.0	0.0	0.0	0.0		Uncertain function
*133	1	0.03362474781439139	1.0	0.03362474781439139	0.04448398576512455	0.0	0.0	0.0	0.0	0.0	0.0		Uncertain function
*7	1	0.03362474781439139	0.0	0.0	0.0	1.0	0.03362474781439139	0.3048780487804878	0.0	0.0	0.0	0.0	No function
*75	1	0.03362474781439139	1.0	0.03362474781439139	0.04448398576512455	0.0	0.0	0.0	0.0	0.0	0.0		Uncertain function
*82	1	0.03362474781439139	0.0	0.0	0.0	1.0	0.03362474781439139	0.3048780487804878	0.0	0.0	0.0		Uncertain function
*17	1	0.03362474781439139	0.0	0.0	0.0	1.0	0.03362474781439139	0.3048780487804878	0.0	0.0	0.0	0.5	Decreased function
*9	1	0.03362474781439139	0.0	0.0	0.0	1.0	0.03362474781439139	0.3048780487804878	0.0	0.0	0.0	0.5	Decreased function
*15	1	0.03362474781439139	0.0	0.0	0.0	0.0	0.0	0.0	1.0	0.03362474781439139	0.25125628140703515	0.0	No function
*4+*4	1	0.03362474781439139	0.0	0.0	0.0	1.0	0.03362474781439139	0.3048780487804878	0.0	0.0	0.0	0.0	No function
*69	1	0.03362474781439139	1.0	0.03362474781439139	0.04448398576512455	0.0	0.0	0.0	0.0	0.0	0.0	0.0	No function
