haplotype	AC	SG10K	AC_C	AF_C	Chinese	AC_I	AF_I	Indian	AC_M	AF_M	Malay	activity_value	function	American	Central/South Asian	East Asian	European	African
*10+*36	866	28.80904856952761	776.0	25.815036593479707	34.09490333919156	10.0	0.332667997338656	3.0303030303030303	80.0	2.661343978709248	20.0	0.25	Decreased function	0.13999999999999999	1.23	34.13	0.0	0.08
*1	833	27.711244178310046	587.0	19.527611443779108	25.7908611599297	124.0	4.125083166999334	37.57575757575757	122.0	4.058549567531603	30.5	1.0	Normal function	51.11	28.71	24.529999999999998	28.28	7.79
*10	529	17.598137059214903	413.0	13.739188290086494	18.145869947275923	11.0	0.36593479707252163	3.3333333333333335	105.0	3.493013972055888	26.25	0.25	Decreased function	1.44	8.67	43.56	1.5699999999999998	5.57
*2	301	10.013306719893546	197.0	6.553559547571523	8.655536028119508	66.0	2.19560878243513	20.0	38.0	1.2641383898868928	9.5	1.0	Normal function	22.08	29.48	12.049999999999999	18.56	19.830000000000002
*41	142	4.723885562208915	85.0	2.8276779773785763	3.7346221441124783	40.0	1.330671989354624	12.121212121212121	17.0	0.5655355954757153	4.25	0.5	Decreased function	2.33	12.3	2.27	9.24	11.469999999999999
*5	104	3.4597471723220226	73.0	2.4284763805721887	3.20738137082601	20.0	0.665335994677312	6.0606060606060606	11.0	0.36593479707252163	2.75	0.0	No function	1.59	4.590000000000001	4.859999999999999	2.9499999999999997	5.1499999999999995
*36	47	1.5635395874916833	42.0	1.3972055888223553	1.845342706502636	0.0	0.0	0.0	5.0	0.166333998669328	1.25	0.0	No function	0.0	0.0	1.22	0.02	0.0
*14	33	1.097804391217565	32.0	1.0645375914836992	1.4059753954305798	0.0	0.0	0.0	1.0	0.0332667997338656	0.25	0.5	Decreased function	0.0	0.0	0.3	0.0	0.0
*4	31	1.0312707917498336	2.0	0.0665335994677312	0.08787346221441124	21.0	0.6986027944111777	6.363636363636363	8.0	0.2661343978709248	2.0	0.0	No function	10.24	9.06	0.54	18.54	3.38
*49	21	0.6986027944111777	20.0	0.665335994677312	0.8787346221441126	0.0	0.0	0.0	1.0	0.0332667997338656	0.25	0.5	Decreased function	0.0	0.0	1.05	0.0	0.0
*35	15	0.499001996007984	10.0	0.332667997338656	0.4393673110720563	5.0	0.166333998669328	1.5151515151515151	0.0	0.0	0.0	1.0	Normal function	0.97	1.21	0.06	5.48	0.0
*71	13	0.4324683965402528	10.0	0.332667997338656	0.4393673110720563	0.0	0.0	0.0	3.0	0.09980039920159679	0.75		Uncertain function	0.0	0.0	0.12	0.0	0.0
*2x2	10	0.332667997338656	7.0	0.2328675981370592	0.30755711775043937	1.0	0.0332667997338656	0.30303030303030304	2.0	0.0665335994677312	0.5	2.0	Increased function	0.61	0.95	0.44999999999999996	0.84	1.73
*4+*68	10	0.332667997338656	1.0	0.0332667997338656	0.04393673110720562	9.0	0.29940119760479045	2.727272727272727	0.0	0.0	0.0	0.0	No function	2.45	2.15	0.0	5.57	0.22999999999999998
*1x2	9	0.29940119760479045	2.0	0.0665335994677312	0.08787346221441124	4.0	0.1330671989354624	1.2121212121212122	3.0	0.09980039920159679	0.75	2.0	Increased function	2.86	0.5599999999999999	0.33999999999999997	0.83	1.1199999999999999
*86	6	0.19960079840319359	2.0	0.0665335994677312	0.08787346221441124	4.0	0.1330671989354624	1.2121212121212122	0.0	0.0	0.0		Uncertain function	0.0	1.4000000000000001	0.02	0.0	0.0
*43	6	0.19960079840319359	2.0	0.0665335994677312	0.08787346221441124	4.0	0.1330671989354624	1.2121212121212122	0.0	0.0	0.0		Uncertain function	0.0	0.0	0.05	0.0	1.67
*39	4	0.1330671989354624	3.0	0.09980039920159679	0.13181019332161686	0.0	0.0	0.0	1.0	0.0332667997338656	0.25	1.0	Normal function	0.0	0.2	0.59	1.63	0.0
*21	4	0.1330671989354624	4.0	0.1330671989354624	0.17574692442882248	0.0	0.0	0.0	0.0	0.0	0.0	0.0	No function	0.0	0.0	0.35000000000000003	0.0	0.0
*94	3	0.09980039920159679	3.0	0.09980039920159679	0.13181019332161686	0.0	0.0	0.0	0.0	0.0	0.0		Uncertain function	0.0	0.0	0.0	0.0	0.0
*65	2	0.0665335994677312	1.0	0.0332667997338656	0.04393673110720562	0.0	0.0	0.0	1.0	0.0332667997338656	0.25		Uncertain function	0.0	0.0	2.9499999999999997	0.0	0.0
*113	2	0.0665335994677312	0.0	0.0	0.0	2.0	0.0665335994677312	0.6060606060606061	0.0	0.0	0.0		Uncertain function	0.0	0.0	0.0	0.0	0.0
*111	2	0.0665335994677312	0.0	0.0	0.0	1.0	0.0332667997338656	0.30303030303030304	1.0	0.0332667997338656	0.25		Uncertain function	0.0	0.0	0.0	0.0	0.0
*33	2	0.0665335994677312	0.0	0.0	0.0	2.0	0.0665335994677312	0.6060606060606061	0.0	0.0	0.0	1.0	Normal function	0.16999999999999998	0.0	0.03	1.9	0.0
*112	1	0.0332667997338656	0.0	0.0	0.0	1.0	0.0332667997338656	0.30303030303030304	0.0	0.0	0.0		Uncertain function	0.0	0.0	0.0	0.0	0.0
*52	1	0.0332667997338656	1.0	0.0332667997338656	0.04393673110720562	0.0	0.0	0.0	0.0	0.0	0.0		Uncertain function	0.0	0.0	0.18	0.0	0.77
*133	1	0.0332667997338656	1.0	0.0332667997338656	0.04393673110720562	0.0	0.0	0.0	0.0	0.0	0.0		Uncertain function	0.0	0.0	0.0	0.0	0.0
*7	1	0.0332667997338656	0.0	0.0	0.0	1.0	0.0332667997338656	0.30303030303030304	0.0	0.0	0.0	0.0	No function	0.5	0.5499999999999999	0.00789	0.05	0.0
*75	1	0.0332667997338656	1.0	0.0332667997338656	0.04393673110720562	0.0	0.0	0.0	0.0	0.0	0.0		Uncertain function	0.0	0.0	0.03	0.0	0.0
*82	1	0.0332667997338656	0.0	0.0	0.0	1.0	0.0332667997338656	0.30303030303030304	0.0	0.0	0.0		Uncertain function	2.5	0.5	0.0	0.0	0.0
*17	1	0.0332667997338656	0.0	0.0	0.0	1.0	0.0332667997338656	0.30303030303030304	0.0	0.0	0.0	0.5	Decreased function	0.48	0.06999999999999999	0.00979	0.38999999999999996	19.29
*9	1	0.0332667997338656	0.0	0.0	0.0	1.0	0.0332667997338656	0.30303030303030304	0.0	0.0	0.0	0.5	Decreased function	0.44	0.3	0.19	2.76	0.0
*15	1	0.0332667997338656	0.0	0.0	0.0	0.0	0.0	0.0	1.0	0.0332667997338656	0.25	0.0	No function	0.24	0.0	0.01	0.05	0.5700000000000001
*4+*4	1	0.0332667997338656	0.0	0.0	0.0	1.0	0.0332667997338656	0.30303030303030304	0.0	0.0	0.0	0.0	No function					
*69	1	0.0332667997338656	1.0	0.0332667997338656	0.04393673110720562	0.0	0.0	0.0	0.0	0.0	0.0	0.0	No function	0.0	0.0	1.17	0.0	0.0
