samples,copy_number,core_allele,candidate_allele,likely_background_allele,core_alleles_comparison,h1,h2,h1_core_var,h2_core_var,add_var,GT:AD
WHB3386,2,['42126611~C>G~1/1;42126877~G>A~0/1;42127803~C>T~0/1;42127941~G>A~0/1;42128945~C>T~0/1;42129809~T>C~0/1;42129819~G>T~0/1;42130692~G>A~0/1'],[136.v1_4.v1],"['*136', '*4']","['42126611~C>G', '42126877~G>A', '42127803~C>T', '42127941~G>A', '42128945~C>T', '42129809~T>C', '42129819~G>T', '42130692~G>A']",*136,*4,"42127941~G>A,42126877~G>A,42126611~C>G",42128945~C>T,"['42127803~C>T', '42129809~T>C', '42129819~G>T', '42130692~G>A']","['0/1:19,14', '0/1:13,13', '0/1:12,12', '0/1:16,33']"
WHB3440,3,['42130692~G>A~0/1'],[10.v1_39.v1],"['*10', '*39']",['42130692~G>A'],*10,*39,"42130692~G>A,42126611~C>G",42126611~C>G,[],[]
WHB3461,2,['42126611~C>G~0/1;42127941~G>A~0/1;42129779~A>G~0/1;42129809~T>C~0/1'],[34.v1_88.v1],"['*34', '*88']","['42126611~C>G', '42127941~G>A', '42129779~A>G', '42129809~T>C']",*34,*88,42127941~G>A,"42129779~A>G,42126611~C>G",['42129809~T>C'],"['0/1:29,6']"
WHB3484,3,['42126611~C>G~0/1;42127853~G>A~0/1;42130692~G>A~0/1'],[1.v1_10.v1],"['*1', '*10']","['42126611~C>G', '42127853~G>A', '42130692~G>A']",*1,*10,.~nan>nan,"42130692~G>A,42126611~C>G",['42127853~G>A'],"['0/1:31,23']"
WHB3488,3,['42130692~G>A~0/1'],[10.v1_39.v1],"['*10', '*39']",['42130692~G>A'],*10,*39,"42130692~G>A,42126611~C>G",42126611~C>G,[],[]
WHB3489,2,['42130692~G>A~0/1'],[10.v1_39.v1],"['*10', '*39']",['42130692~G>A'],*10,*39,"42130692~G>A,42126611~C>G",42126611~C>G,[],[]
WHB3493,1,['42126611~C>G~1/1;42126747~G>A~1/1;42127803~C>T~1/1;42127941~G>A~1/1'],[*41/*5],"['*41', '*5']","['42126611~C>G', '42126747~G>A', '42127803~C>T', '42127941~G>A']",*41,*5,"42127941~G>A,42127803~C>T,42126611~C>G",[],['42126747~G>A'],"['1/1:0,4']"
WHB3498,2,['42130692~G>A~0/1'],[10.v1_39.v1],"['*10', '*39']",['42130692~G>A'],*10,*39,"42130692~G>A,42126611~C>G",42126611~C>G,[],[]
WHB3583,2,['42127941~G>A~0/1;42129033~C>T~0/1'],[1.v1_34.v1],"['*1', '*34']","['42127941~G>A', '42129033~C>T']",*1,*34,.~nan>nan,42127941~G>A,['42129033~C>T'],"['0/1:5,7']"
WHB3646,2,['42126611~C>G~0/1;42127941~G>A~0/1;42128341~C>T~0/1'],[1.v1_2.v1],"['*1', '*2']","['42126611~C>G', '42127941~G>A', '42128341~C>T']",*1,*2,.~nan>nan,"42127941~G>A,42126611~C>G",['42128341~C>T'],"['0/1:1,5']"
WHB3653,2,['42126611~C>G~1/1;42128181~A>T~0/1;42128185~C>T~0/1;42130692~G>A~1/1'],[39.v1_86.v1],"['*39', '*86']","['42126611~C>G', '42128181~A>T', '42128185~C>T', '42130692~G>A']",*39,*86,42126611~C>G,"42128185~C>T,42128181~A>T",['42130692~G>A'],"['1/1:0,26']"
WHB3656,3,['42127853~G>A~0/1;42130692~G>A~0/1'],[1.v1_4.v3],"['*1', '*4']","['42127853~G>A', '42130692~G>A']",*1,*4,.~nan>nan,42128945~C>T,"['42127853~G>A', '42130692~G>A']","['0/1:30,6', '0/1:17,49']"
WHB3711,2,['42126611~C>G~1/1;42127634~C>A~0/1;42127941~G>A~0/1;42129033~C>T~0/1;42130692~G>A~0/1'],[10.v1_14.v1],"['*10', '*14']","['42126611~C>G', '42127634~C>A', '42127941~G>A', '42129033~C>T', '42130692~G>A']",*10,*14,"42130692~G>A,42126611~C>G","42129033~C>T,42127941~G>A,42126611~C>G",['42127634~C>A'],"['0/1:12,15']"
WHB3742,2,['42126611~C>G~1/1;42127941~G>A~0/1;42130692~G>A~0/1;42130715~C>T~0/1'],[10.v1_2.v1],"['*10', '*2']","['42126611~C>G', '42127941~G>A', '42130692~G>A', '42130715~C>T']",*10,*2,"42130692~G>A,42126611~C>G","42127941~G>A,42126611~C>G",['42130715~C>T'],"['0/1:14,9']"
WHB3743,2,['42130692~G>A~0/1'],[10.v1_39.v1],"['*10', '*39']",['42130692~G>A'],*10,*39,"42130692~G>A,42126611~C>G",42126611~C>G,[],[]
WHB3750,2,['42126611~C>G~0/1;42127941~G>A~0/1;42128341~C>T~0/1'],[1.v1_2.v1],"['*1', '*2']","['42126611~C>G', '42127941~G>A', '42128341~C>T']",*1,*2,.~nan>nan,"42127941~G>A,42126611~C>G",['42128341~C>T'],"['0/1:2,5']"
WHB3752,3,['42126611~C>G~1/1;42127941~G>A~0/1;42129174~C>A~0/1;42129180~A>T~0/1;42130692~G>A~0/1'],[2.v1_49.v1],"['*2', '*49']","['42126611~C>G', '42127941~G>A', '42129174~C>A', '42129180~A>T', '42130692~G>A']",*2,*49,"42127941~G>A,42126611~C>G","42130692~G>A,42129180~A>T,42126611~C>G",['42129174~C>A'],"['0/1:22,12']"
WHB3779,3,['42130692~G>A~0/1'],[10.v1_39.v1],"['*10', '*39']",['42130692~G>A'],*10,*39,"42130692~G>A,42126611~C>G",42126611~C>G,[],[]
WHB3806,3,['42130692~G>A~0/1'],[10.v1_39.v1],"['*10', '*39']",['42130692~G>A'],*10,*39,"42130692~G>A,42126611~C>G",42126611~C>G,[],[]
WHB3819,3,['42130692~G>A~0/1'],[10.v1_39.v1],"['*10', '*39']",['42130692~G>A'],*10,*39,"42130692~G>A,42126611~C>G",42126611~C>G,[],[]
WHB3823,2,['42126611~C>G~1/1;42127895~G>A~0/1;42130692~G>A~1/1'],[10.v1_10.v1],"['*10', '*10']","['42126611~C>G', '42127895~G>A', '42130692~G>A']",*10,*10,"42130692~G>A,42126611~C>G","42130692~G>A,42126611~C>G",['42127895~G>A'],"['0/1:16,17']"
WHB3827,3,['42126611~C>G~0/1;42128812~A>G~0/1;42128818~T>TC~0/1;42130692~G>A~0/1'],[1.v1_10.v1],"['*1', '*10']","['42126611~C>G', '42128812~A>G', '42128818~T>TC', '42130692~G>A']",*1,*10,.~nan>nan,"42130692~G>A,42126611~C>G","['42128812~A>G', '42128818~T>TC']","['0/1:10,11', '0/1:10,11']"
WHB3831,3,['42130692~G>A~0/1'],[10.v1_39.v1],"['*10', '*39']",['42130692~G>A'],*10,*39,"42130692~G>A,42126611~C>G",42126611~C>G,[],[]
WHB3841,2,['42130692~G>A~0/1'],[10.v1_39.v1],"['*10', '*39']",['42130692~G>A'],*10,*39,"42130692~G>A,42126611~C>G",42126611~C>G,[],[]
WHB3848,4,['42130692~G>A~0/1'],[10.v1_39.v1],"['*10', '*39']",['42130692~G>A'],*10,*39,"42130692~G>A,42126611~C>G",42126611~C>G,[],[]
WHB3871,2,['42128181~A>T~1/1;42128185~C>T~1/1;42130715~C>T~0/1'],[86.v1_86.v1],"['*86', '*86']","['42128181~A>T', '42128185~C>T', '42130715~C>T']",*86,*86,"42128185~C>T,42128181~A>T","42128185~C>T,42128181~A>T",['42130715~C>T'],"['0/1:16,22']"
WHB3909,2,['42126611~C>G~0/1;42127853~G>A~0/1;42127941~G>A~0/1;42129033~C>T~0/1'],[1.v1_14.v1],"['*1', '*14']","['42126611~C>G', '42127853~G>A', '42127941~G>A', '42129033~C>T']",*1,*14,.~nan>nan,"42129033~C>T,42127941~G>A,42126611~C>G",['42127853~G>A'],"['0/1:27,27']"
WHB3914,2,['42126611~C>G~0/1;42126741~A>G~0/1;42128945~C>T~0/1;42129809~T>C~0/1;42129819~G>T~0/1;42130692~G>A~0/1'],[10.v1_4.v8],"['*10', '*4']","['42126611~C>G', '42126741~A>G', '42128945~C>T', '42129809~T>C', '42129819~G>T', '42130692~G>A']",*10,*4,"42130692~G>A,42126611~C>G",42128945~C>T,"['42126741~A>G', '42129809~T>C', '42129819~G>T']","['0/1:5,6', '0/1:10,18', '0/1:13,14']"
WHB3966,3,['42130692~G>A~0/1'],[10.v1_39.v1],"['*10', '*39']",['42130692~G>A'],*10,*39,"42130692~G>A,42126611~C>G",42126611~C>G,[],[]
WHB3980,2,['42130692~G>A~0/1'],[10.v1_39.v1],"['*10', '*39']",['42130692~G>A'],*10,*39,"42130692~G>A,42126611~C>G",42126611~C>G,[],[]
WHB3995,2,['42130692~G>A~0/1'],[10.v1_39.v1],"['*10', '*39']",['42130692~G>A'],*10,*39,"42130692~G>A,42126611~C>G",42126611~C>G,[],[]
WHB4034,3,['42126611~C>G~1/1;42127634~C>A~0/1;42130692~G>A~1/1'],[10.v1_10.v1],"['*10', '*10']","['42126611~C>G', '42127634~C>A', '42130692~G>A']",*10,*10,"42130692~G>A,42126611~C>G","42130692~G>A,42126611~C>G",['42127634~C>A'],"['0/1:19,7']"
WHB4038,3,['42126611~C>G~1/1;42128812~A>G~0/1;42128818~T>TC~0/1;42130692~G>A~1/1'],[10.v1_10.v1],"['*10', '*10']","['42126611~C>G', '42128812~A>G', '42128818~T>TC', '42130692~G>A']",*10,*10,"42130692~G>A,42126611~C>G","42130692~G>A,42126611~C>G","['42128812~A>G', '42128818~T>TC']","['0/1:17,10', '0/1:17,10']"
WHB4039,1,['42126611~C>G~1/1;42127895~G>A~1/1;42130692~G>A~1/1'],[*10/*5],"['*10', '*5']","['42126611~C>G', '42127895~G>A', '42130692~G>A']",*10,*5,"42130692~G>A,42126611~C>G",[],['42127895~G>A'],"['1/1:0,13']"
WHB4120,2,['42126611~C>G~0/1;42127634~C>A~0/1;42130692~G>A~0/1'],[1.v1_10.v1],"['*1', '*10']","['42126611~C>G', '42127634~C>A', '42130692~G>A']",*1,*10,.~nan>nan,"42130692~G>A,42126611~C>G",['42127634~C>A'],"['0/1:16,13']"
WHB4126,2,['42129809~T>C~0/1'],[1.v1_4.v8],"['*1', '*4']",['42129809~T>C'],*1,*4,.~nan>nan,42128945~C>T,['42129809~T>C'],"['0/1:12,21']"
WHB4156,2,['42127853~G>A~0/1'],[10.v1_4.v3],"['*10', '*4']",['42127853~G>A'],*10,*4,"42130692~G>A,42126611~C>G",42128945~C>T,['42127853~G>A'],"['0/1:16,15']"
WHB4167,4,['42130692~G>A~0/1'],[10.v1_39.v1],"['*10', '*39']",['42130692~G>A'],*10,*39,"42130692~G>A,42126611~C>G",42126611~C>G,[],[]
WHB4174,2,['42126746~C>T~0/1;42130692~G>A~0/1'],[1.v1_75.v1],"['*1', '*75']","['42126746~C>T', '42130692~G>A']",*1,*75,.~nan>nan,42126746~C>T,['42130692~G>A'],"['0/1:13,16']"
WHB4183,2,['42126611~C>G~0/1;42127803~C>T~0/1;42127941~G>A~0/1;42129906~G>A~0/1'],[119.v1_2.v1],"['*119', '*2']","['42126611~C>G', '42127803~C>T', '42127941~G>A', '42129906~G>A']",*119,*2,42127803~C>T,"42127941~G>A,42126611~C>G",['42129906~G>A'],LowABHet or LowQUAL
WHB4216,2,['42126611~C>G~1/1;42127941~G>A~0/1;42128945~C>T~1/1;42129809~T>C~0/1;42129819~G>T~0/1;42130692~G>A~0/1'],[2.v1_4.v1],"['*2', '*4']","['42126611~C>G', '42127941~G>A', '42128945~C>T', '42129809~T>C', '42129819~G>T', '42130692~G>A']",*2,*4,"42127941~G>A,42126611~C>G",42128945~C>T,"['42129809~T>C', '42129819~G>T', '42130692~G>A']","['0/1:12,16', '0/1:10,17', '0/1:16,9']"
WHB4291,2,['42130692~G>A~0/1'],[10.v1_39.v1],"['*10', '*39']",['42130692~G>A'],*10,*39,"42130692~G>A,42126611~C>G",42126611~C>G,[],[]
WHB4298,2,['42128945~C>T~0/1;42129765~T>C~0/1;42129770~G>T~0/1;42129771~T>A~0/1;42129779~A>G~0/1;42129809~T>C~0/1;42129819~G>T~0/1;42130692~G>A~0/1'],[4.v2_82.v1],"['*4', '*82']","['42128945~C>T', '42129765~T>C', '42129770~G>T', '42129771~T>A', '42129779~A>G', '42129809~T>C', '42129819~G>T', '42130692~G>A']",*4,*82,42128945~C>T,"42129819~G>T,42129809~T>C,42129779~A>G,42129771~T>A,42129770~G>T,42129765~T>C",['42130692~G>A'],"['0/1:14,9']"
WHB4300,3,['42126611~C>G~0/1;42130692~G>A~1/1'],[1.v1_39.v1],"['*1', '*39']","['42126611~C>G', '42130692~G>A']",*1,*39,.~nan>nan,42126611~C>G,['42130692~G>A'],"['1/1:0,46']"
WHB4318,8,['42126611~C>G~0/1;42130692~G>A~1/1'],[1.v1_39.v1],"['*1', '*39']","['42126611~C>G', '42130692~G>A']",*1,*39,.~nan>nan,42126611~C>G,['42130692~G>A'],"['1/1:7,51']"
WHB4355,2,['42127853~G>A~0/1;42130692~G>A~0/1'],[1.v1_4.v3],"['*1', '*4']","['42127853~G>A', '42130692~G>A']",*1,*4,.~nan>nan,42128945~C>T,"['42127853~G>A', '42130692~G>A']","['0/1:19,12', '0/1:14,14']"
WHB4360,3,['42126611~C>G~1/1;42127634~C>A~0/1;42128945~C>T~0/1;42130692~G>A~1/1'],[10.v1_4.v2],"['*10', '*4']","['42126611~C>G', '42127634~C>A', '42128945~C>T', '42130692~G>A']",*10,*4,"42130692~G>A,42126611~C>G",42128945~C>T,['42127634~C>A'],"['0/1:27,14']"
WHB4403,3,['42130692~G>A~0/1'],[10.v1_39.v1],"['*10', '*39']",['42130692~G>A'],*10,*39,"42130692~G>A,42126611~C>G",42126611~C>G,[],[]
WHB4481,3,['42126611~C>G~1/1;42127803~C>T~0/1;42130692~G>A~0/1'],[10.v1_39.v1],"['*10', '*39']","['42126611~C>G', '42127803~C>T', '42130692~G>A']",*10,*39,"42130692~G>A,42126611~C>G",42126611~C>G,['42127803~C>T'],"['0/1:15,10']"
WHB4497,2,['42130692~G>A~0/1'],[10.v1_39.v1],"['*10', '*39']",['42130692~G>A'],*10,*39,"42130692~G>A,42126611~C>G",42126611~C>G,[],[]
WHB4511,3,['42130692~G>A~0/1'],[10.v1_39.v1],"['*10', '*39']",['42130692~G>A'],*10,*39,"42130692~G>A,42126611~C>G",42126611~C>G,[],[]
WHB4533,3,['42130692~G>A~0/1'],[10.v1_39.v1],"['*10', '*39']",['42130692~G>A'],*10,*39,"42130692~G>A,42126611~C>G",42126611~C>G,[],[]
WHB4550,2,['42126611~C>G~1/1;42127941~G>A~1/1;42128181~A>T~0/1;42128185~C>T~0/1;42129033~C>T~0/1'],[14.v1_86.v1],"['*14', '*86']","['42126611~C>G', '42127941~G>A', '42128181~A>T', '42128185~C>T', '42129033~C>T']",*14,*86,"42129033~C>T,42127941~G>A,42126611~C>G","42128185~C>T,42128181~A>T",[],[]
WHB4615,2,['42126611~C>G~1/1;42127941~G>A~1/1;42129809~T>C~0/1'],[2.v1_2.v1],"['*2', '*2']","['42126611~C>G', '42127941~G>A', '42129809~T>C']",*2,*2,"42127941~G>A,42126611~C>G","42127941~G>A,42126611~C>G",['42129809~T>C'],"['0/1:11,17']"
WHB4647,2,['42126611~C>G~1/1;42127803~C>T~0/1;42127941~G>A~0/1;42128945~C>T~1/1;42129809~T>C~0/1;42129819~G>T~0/1;42130692~G>A~0/1'],[4.v1_41.v1],"['*4', '*41']","['42126611~C>G', '42127803~C>T', '42127941~G>A', '42128945~C>T', '42129809~T>C', '42129819~G>T', '42130692~G>A']",*4,*41,42128945~C>T,"42127941~G>A,42127803~C>T,42126611~C>G","['42129809~T>C', '42129819~G>T', '42130692~G>A']","['0/1:25,19', '0/1:27,19', '0/1:18,20']"
WHB4690,2,['42126611~C>G~1/1;42127941~G>A~0/1;42128927~T>TGGGGCGAAA~0/1;42129033~C>T~0/1;42130692~G>A~0/1'],[10.v1_14.v1],"['*10', '*14']","['42126611~C>G', '42127941~G>A', '42128927~T>TGGGGCGAAA', '42129033~C>T', '42130692~G>A']",*10,*14,"42130692~G>A,42126611~C>G","42129033~C>T,42127941~G>A,42126611~C>G",['42128927~T>TGGGGCGAAA'],"['0/1:4,10']"
WHB4694,3,['42126611~C>G~1/1;42127634~C>A~0/1;42130692~G>A~1/1'],[10.v1_10.v1],"['*10', '*10']","['42126611~C>G', '42127634~C>A', '42130692~G>A']",*10,*10,"42130692~G>A,42126611~C>G","42130692~G>A,42126611~C>G",['42127634~C>A'],"['0/1:20,25']"
WHB4768,4,['42126611~C>G~1/1;42127941~G>A~0/1;42129819~G>T~0/1;42130692~G>A~0/1'],[10.v1_2.v1],"['*10', '*2']","['42126611~C>G', '42127941~G>A', '42129819~G>T', '42130692~G>A']",*10,*2,"42130692~G>A,42126611~C>G","42127941~G>A,42126611~C>G",['42129819~G>T'],"['0/1:31,30']"
WHB4775,2,['42126611~C>G~0/1;42127803~C>T~0/1;42127941~G>A~0/1;42129042~T>C~0/1'],[119.v1_2.v1],"['*119', '*2']","['42126611~C>G', '42127803~C>T', '42127941~G>A', '42129042~T>C']",*119,*2,42127803~C>T,"42127941~G>A,42126611~C>G",['42129042~T>C'],"['0/1:12,15']"
WHB4817,2,['42130692~G>A~0/1'],[10.v1_39.v1],"['*10', '*39']",['42130692~G>A'],*10,*39,"42130692~G>A,42126611~C>G",42126611~C>G,[],[]
WHB4820,2,['42130692~G>A~0/1'],[10.v1_39.v1],"['*10', '*39']",['42130692~G>A'],*10,*39,"42130692~G>A,42126611~C>G",42126611~C>G,[],[]
WHB4836,3,['42126611~C>G~1/1;42127941~G>A~1/1;42129819~G>T~0/1'],[2.v1_2.v1],"['*2', '*2']","['42126611~C>G', '42127941~G>A', '42129819~G>T']",*2,*2,"42127941~G>A,42126611~C>G","42127941~G>A,42126611~C>G",['42129819~G>T'],"['0/1:12,29']"
WHB4838,2,['42130692~G>A~0/1'],[10.v1_39.v1],"['*10', '*39']",['42130692~G>A'],*10,*39,"42130692~G>A,42126611~C>G",42126611~C>G,[],[]
WHB4850,3,['42130692~G>A~0/1'],[10.v1_39.v1],"['*10', '*39']",['42130692~G>A'],*10,*39,"42130692~G>A,42126611~C>G",42126611~C>G,[],[]
WHB4891,3,['42126611~C>G~1/1;42128818~T>TC~0/1;42130692~G>A~1/1'],[10.v1_10.v1],"['*10', '*10']","['42126611~C>G', '42128818~T>TC', '42130692~G>A']",*10,*10,"42130692~G>A,42126611~C>G","42130692~G>A,42126611~C>G",['42128818~T>TC'],"['0/1:13,13']"
WHB4895,3,['42130692~G>A~0/1'],[10.v1_39.v1],"['*10', '*39']",['42130692~G>A'],*10,*39,"42130692~G>A,42126611~C>G",42126611~C>G,[],[]
WHB4899,2,['42126611~C>G~1/1;42129180~A>T~0/1;42130692~G>A~0/1;42130761~C>T~0/1'],[39.v1_49.v1],"['*39', '*49']","['42126611~C>G', '42129180~A>T', '42130692~G>A', '42130761~C>T']",*39,*49,42126611~C>G,"42130692~G>A,42129180~A>T,42126611~C>G",['42130761~C>T'],"['0/1:17,14']"
WHB4908,2,['42127941~G>A~0/1;42129033~C>T~0/1'],[1.v1_34.v1],"['*1', '*34']","['42127941~G>A', '42129033~C>T']",*1,*34,.~nan>nan,42127941~G>A,['42129033~C>T'],"['0/1:2,11']"
WHB4915,2,['42130692~G>A~0/1'],[10.v1_39.v1],"['*10', '*39']",['42130692~G>A'],*10,*39,"42130692~G>A,42126611~C>G",42126611~C>G,[],[]
WHB4943,4,['42126611~C>G~1/1;42128864~C>T~0/1;42130692~G>A~1/1'],[10.v1_10.v1],"['*10', '*10']","['42126611~C>G', '42128864~C>T', '42130692~G>A']",*10,*10,"42130692~G>A,42126611~C>G","42130692~G>A,42126611~C>G",['42128864~C>T'],"['0/1:28,14']"
WHB4953,3,['42126611~C>G~1/1;42129809~T>C~0/1;42129819~G>T~0/1;42130692~G>A~1/1'],[10.v1_4.v1],"['*10', '*4']","['42126611~C>G', '42129809~T>C', '42129819~G>T', '42130692~G>A']",*10,*4,"42130692~G>A,42126611~C>G",42128945~C>T,"['42129809~T>C', '42129819~G>T']","['0/1:33,12', '0/1:32,11']"
WHB4967,2,['42126611~C>G~0/1;42127941~G>A~0/1;42129807~C>T~0/1'],[1.v1_2.v1],"['*1', '*2']","['42126611~C>G', '42127941~G>A', '42129807~C>T']",*1,*2,.~nan>nan,"42127941~G>A,42126611~C>G",['42129807~C>T'],"['0/1:17,23']"
WHB4974,3,['42130692~G>A~0/1'],[10.v1_39.v1],"['*10', '*39']",['42130692~G>A'],*10,*39,"42130692~G>A,42126611~C>G",42126611~C>G,[],[]
WHB4989,2,['42126611~C>G~0/1;42130668~C>T~0/1;42130692~G>A~0/1'],[1.v1_10.v1],"['*1', '*10']","['42126611~C>G', '42130668~C>T', '42130692~G>A']",*1,*10,.~nan>nan,"42130692~G>A,42126611~C>G",['42130668~C>T'],"['0/1:14,19']"
WHB5002,2,['42127853~G>A~0/1'],[10.v1_4.v3],"['*10', '*4']",['42127853~G>A'],*10,*4,"42130692~G>A,42126611~C>G",42128945~C>T,['42127853~G>A'],"['0/1:7,14']"
WHB5051,3,['42130692~G>A~0/1'],[10.v1_39.v1],"['*10', '*39']",['42130692~G>A'],*10,*39,"42130692~G>A,42126611~C>G",42126611~C>G,[],[]
WHB5055,3,['42130692~G>A~0/1'],[10.v1_39.v1],"['*10', '*39']",['42130692~G>A'],*10,*39,"42130692~G>A,42126611~C>G",42126611~C>G,[],[]
WHB5060,3,['42126611~C>G~1/1;42129809~T>C~0/1;42130692~G>A~0/1'],[10.v1_39.v1],"['*10', '*39']","['42126611~C>G', '42129809~T>C', '42130692~G>A']",*10,*39,"42130692~G>A,42126611~C>G",42126611~C>G,['42129809~T>C'],"['0/1:27,16']"
WHB5063,2,['42126611~C>G~0/1;42127941~G>A~0/1;42128181~A>T~1/1;42128185~C>T~1/1;42130761~C>T~0/1'],[35.v1_86.v1],"['*35', '*86']","['42126611~C>G', '42127941~G>A', '42128181~A>T', '42128185~C>T', '42130761~C>T']",*35,*86,"42130761~C>T,42127941~G>A,42126611~C>G","42128185~C>T,42128181~A>T",[],[]
WHB5093,2,['42127941~G>A~0/1;42130761~C>T~0/1'],[1.v1_34.v1],"['*1', '*34']","['42127941~G>A', '42130761~C>T']",*1,*34,.~nan>nan,42127941~G>A,['42130761~C>T'],"['0/1:13,13']"
WHB5141,3,['42130692~G>A~0/1'],[10.v1_39.v1],"['*10', '*39']",['42130692~G>A'],*10,*39,"42130692~G>A,42126611~C>G",42126611~C>G,[],[]
WHB5181,3,['42130692~G>A~0/1'],[10.v1_39.v1],"['*10', '*39']",['42130692~G>A'],*10,*39,"42130692~G>A,42126611~C>G",42126611~C>G,[],[]
WHB5223,3,['42130692~G>A~0/1'],[10.v1_39.v1],"['*10', '*39']",['42130692~G>A'],*10,*39,"42130692~G>A,42126611~C>G",42126611~C>G,[],[]
WHB5237,3,['42130692~G>A~0/1'],[10.v1_39.v1],"['*10', '*39']",['42130692~G>A'],*10,*39,"42130692~G>A,42126611~C>G",42126611~C>G,[],[]
WHB5352,2,['42126611~C>G~1/1;42127634~C>A~0/1;42130692~G>A~1/1'],[10.v1_10.v1],"['*10', '*10']","['42126611~C>G', '42127634~C>A', '42130692~G>A']",*10,*10,"42130692~G>A,42126611~C>G","42130692~G>A,42126611~C>G",['42127634~C>A'],"['0/1:8,16']"
WHB5357,2,['42127941~G>A~0/1;42129033~C>T~0/1'],[1.v1_34.v1],"['*1', '*34']","['42127941~G>A', '42129033~C>T']",*1,*34,.~nan>nan,42127941~G>A,['42129033~C>T'],"['0/1:14,5']"
WHB5358,1,['42128814~T>TC~1/1'],[*20/*5],"['*20', '*5']",['42128814~T>TC'],*20,*5,"42128817~->C,42127941~G>A,42126611~C>G,42128812~A>G,42128813~G>A",[],['42128814~T>TC'],LowABHet or LowQUAL
WHB5383,2,['42126611~C>G~0/1;42127941~G>A~0/1;42129042~T>C~0/1'],[1.v1_2.v1],"['*1', '*2']","['42126611~C>G', '42127941~G>A', '42129042~T>C']",*1,*2,.~nan>nan,"42127941~G>A,42126611~C>G",['42129042~T>C'],"['0/1:12,18']"
WHB5384,3,['42130692~G>A~0/1'],[10.v1_39.v1],"['*10', '*39']",['42130692~G>A'],*10,*39,"42130692~G>A,42126611~C>G",42126611~C>G,[],[]
WHB5419,3,['42126611~C>G~0/1;42127853~G>A~0/1;42130692~G>A~0/1'],[1.v1_10.v1],"['*1', '*10']","['42126611~C>G', '42127853~G>A', '42130692~G>A']",*1,*10,.~nan>nan,"42130692~G>A,42126611~C>G",['42127853~G>A'],"['0/1:33,13']"
WHB5444,3,['42126611~C>G~0/1;42127841~C>T~0/1;42130692~G>A~0/1'],[1.v1_10.v1],"['*1', '*10']","['42126611~C>G', '42127841~C>T', '42130692~G>A']",*1,*10,.~nan>nan,"42130692~G>A,42126611~C>G",['42127841~C>T'],"['0/1:31,12']"
WHB5449,3,['42130692~G>A~0/1'],[10.v1_39.v1],"['*10', '*39']",['42130692~G>A'],*10,*39,"42130692~G>A,42126611~C>G",42126611~C>G,[],[]
WHB5450,2,['42128341~C>T~0/1'],[1.v1_1.v1],"['*1', '*1']",['42128341~C>T'],*1,*1,.~nan>nan,.~nan>nan,['42128341~C>T'],"['0/1:6,6']"
